method,period,reps,times,coverage,coverage_mcse,conditional_coverage,conditional_coverage_mcse,width_ratio_to_oracle,width_ratio_to_oracle_mcse,interval_score,interval_score_mcse,scale_normalized_interval_score,scale_normalized_interval_score_mcse
raw_W250,all_test,200,1600,0.942828125,0.0002693492610329012,0.9430094200561063,0.0003865628930942323,1.1952249613171388,0.0022840721663080674,9.652645447028505,0.0207620465384695,5.666933554288673,0.010526018963366822
raw_W250,pre_shift,200,200,0.9499999999999998,0.000982893891531557,0.951403014262529,0.000752853269969351,1.0127224582532275,0.003433129884148696,4.754682530817301,0.022011060489218647,4.754682530817301,0.022011060489218647
raw_W250,up_0_24,200,25,0.5372,0.005702930569928686,0.5522934888881573,0.0020115154163885653,0.388955599257818,0.0017500882320641243,36.68468964715169,0.6681471482691935,12.228229882383896,0.22271571608973115
raw_W250,up_50_249,200,200,0.9061500000000001,0.0013944028458384658,0.905113165073492,0.0013855773383089323,0.878867844843515,0.0036718768527586655,15.244049218170924,0.09653871767610862,5.0813497393903075,0.03217957255870287
raw_W250,high_late,200,200,0.953625,0.0008973281809469747,0.9530423711828986,0.0008119230563246473,1.0215584348030624,0.003807828843144479,14.243196396935694,0.06222435450889206,4.7477321323118975,0.020741451502964015
raw_W250,down_0_24,200,25,1.0,0.0,0.9999999828136816,2.9955046486221376e-09,3.0291832431905688,0.012747026105169805,11.874180118451502,0.04996742415224941,11.874180118451502,0.04996742415224941
raw_W250,down_50_249,200,200,0.9966499999999999,0.00027250466779460745,0.996259484621672,9.617326912489913e-05,2.2323082292090493,0.008916454844052311,8.799762702034414,0.03540502932039835,8.799762702034414,0.03540502932039835
raw_W250,final_low,200,250,0.9519200000000001,0.0008329688985368222,0.9521444737977086,0.0007587658895523645,1.017009190087798,0.003460552491950359,4.714319918896442,0.020478138408137718,4.714319918896442,0.020478138408137718
raw_W50,all_test,200,1600,0.9590218749999999,0.00020967011190440327,0.9593063825213018,0.00031934084844792584,1.1408336075837702,0.0020781690855249256,8.87382929904461,0.02052031113434193,5.119676017020507,0.010422854465596607
raw_W50,pre_shift,200,200,0.959525,0.0006969040473811886,0.9618735730307515,0.0008100482718433988,1.1023940209142067,0.00492321922771657,4.948091619558275,0.02609974491842917,4.948091619558275,0.02609974491842917
raw_W50,up_0_24,200,25,0.8008,0.004029638935407085,0.8093224244621611,0.004167365910545573,0.7377456030847164,0.008900402071210674,20.981314777271137,0.3212040963389853,6.9937715924237125,0.1070680321129951
raw_W50,up_50_249,200,200,0.9603999999999999,0.0006203824399991482,0.9602659409168385,0.0009047108524377768,1.096475849713253,0.005214259335799993,14.713611203156244,0.07959695049054634,4.904537067718748,0.026532316830182114
raw_W50,high_late,200,200,0.96195,0.0005745765318517407,0.9619640501516212,0.0007222722439087783,1.1035993781475864,0.004579295949135658,14.853788140448069,0.0754285197568771,4.951262713482689,0.025142839918959037
raw_W50,down_0_24,200,25,1.0,0.0,0.9999989387057618,3.5176196289460993e-07,3.136662704427747,0.031978979163624424,12.295491864656778,0.1253552948461214,12.295491864656778,0.1253552948461214
raw_W50,down_50_249,200,200,0.961275,0.0006149289087480528,0.9597586111873438,0.0008553907415402375,1.0927931200510728,0.004934095004318352,4.894483616828035,0.025586785233122248,4.894483616828035,0.025586785233122248
raw_W50,final_low,200,250,0.9603400000000001,0.0005511267581215669,0.9607499286521901,0.0007819168051059315,1.0961402572991628,0.004570368148697933,4.904659301546391,0.02294503241587437,4.904659301546391,0.02294503241587437
ewma_W250,all_test,200,1600,0.95241875,0.00015266361496496384,0.9524682343221152,0.0003599717397302133,1.0786549884668437,0.0019052468996010054,8.725646884129569,0.017793533528408123,4.989717373915366,0.008874185628130707
ewma_W250,pre_shift,200,200,0.9517499999999999,0.0007771468885816632,0.953630770852185,0.0009730327782149184,1.0573263932234267,0.004839675261770697,4.911833067548538,0.023358516319578294,4.911833067548538,0.023358516319578294
ewma_W250,up_0_24,200,25,0.8342,0.0035460785900532678,0.8415127483568438,0.003692470039415074,0.800447973156119,0.008506818573798404,19.534358682564708,0.304216930059999,6.511452894188236,0.101405643353333
ewma_W250,up_50_249,200,200,0.96575,0.0006916134366310734,0.9659347935252935,0.0008348553113824471,1.134543912633431,0.005723966530909402,14.861347673268263,0.07719859941398668,4.953782557756087,0.025732866471328886
ewma_W250,high_late,200,200,0.95285,0.0007198809923981046,0.9535114829944414,0.0008869533349271561,1.05540115962144,0.004293716749801452,14.74361094889945,0.0647650221055469,4.9145369829664824,0.021588340701848962
ewma_W250,down_0_24,200,25,0.9998,0.00020000000000000017,0.9997760229716485,3.1206154634092056e-05,2.375846734298977,0.019294796457536744,9.314050064572932,0.07554484905023562,9.314050064572932,0.07554484905023562
ewma_W250,down_50_249,200,200,0.9432250000000001,0.0006980747933319352,0.9413326719577245,0.001062078059500309,1.0019368183257067,0.004234657769295347,4.860823599492367,0.022334764287600627,4.860823599492367,0.022334764287600627
ewma_W250,final_low,200,250,0.95268,0.0006082250310881742,0.9522639100734215,0.0009769775264992207,1.051731855299161,0.004729764969512073,4.867669591646492,0.02194575252704902,4.867669591646492,0.02194575252704902
ewma_W50,all_test,200,1600,0.9610843750000001,0.00019949476365434414,0.961006858956801,0.0003122449362670836,1.1832510528883626,0.002303062379655972,9.218791004186073,0.02270669105146454,5.264431862694995,0.011371556317106606
ewma_W50,pre_shift,200,200,0.9613749999999999,0.0005681424152623187,0.9635831994880387,0.0008040042920587627,1.1659153796993251,0.005646279132042733,5.1881294818299875,0.028412670649594046,5.1881294818299875,0.028412670649594046
ewma_W50,up_0_24,200,25,0.9050000000000001,0.0026055603473376108,0.9116610655844304,0.003180297892479584,1.159693741941808,0.01989739495841126,19.43887542001086,0.3669503560290201,6.479625140003621,0.12231678534300669
ewma_W50,up_50_249,200,200,0.9630250000000001,0.0005011262441369585,0.9630929985005143,0.0009392801767130462,1.1755176962087721,0.006228924731485918,15.505068033409716,0.08962820217798459,5.168356011136572,0.029876067392661538
ewma_W50,high_late,200,200,0.9621,0.0006060416092652422,0.9627643513949232,0.0007548773882194732,1.1640582389294443,0.005317659013002566,15.603438904098452,0.0843824403039453,5.201146301366151,0.028127480101315102
ewma_W50,down_0_24,200,25,0.9992,0.00039697347480466846,0.9992750997789827,0.00010762125187646919,2.5191334166648662,0.03405658960374186,9.884760197730307,0.1326825411695374,9.884760197730307,0.1326825411695374
ewma_W50,down_50_249,200,200,0.9536,0.0007334094676483119,0.9506003201322301,0.0010233282053831998,1.10810793890913,0.005560224716626201,5.1213030784836056,0.028291068492295894,5.1213030784836056,0.028291068492295894
ewma_W50,final_low,200,250,0.96214,0.0004942910257029281,0.9615406417206691,0.0008375111932912376,1.1554556371270404,0.005464396285590813,5.131113604533118,0.026221708843312815,5.131113604533118,0.026221708843312815
ewma_Gaussian,all_test,200,1600,0.941184375,0.00027857280729947156,0.9412532859619085,0.00031992753670798753,1.014851254800381,0.001378723131532511,8.633584563244344,0.017673301519789325,4.935380099116053,0.008744376133362335
ewma_Gaussian,pre_shift,200,200,0.9406,0.0008225466032832794,0.9428628557866232,0.0008390632212842097,0.9979146592759898,0.0033612196142025247,4.8720945993955915,0.02345745727890577,4.8720945993955915,0.02345745727890577
ewma_Gaussian,up_0_24,200,25,0.7988,0.00392809747189956,0.8053997116271663,0.003813766870583973,0.7146900686473413,0.007000839041258815,20.870547100625735,0.30817658297637035,6.9568490335419115,0.10272552765879012
ewma_Gaussian,up_50_249,200,200,0.94035,0.0008707343980570624,0.9407413340911961,0.0008875738438077835,0.9909898892239646,0.003563823699919515,14.488409069767313,0.08067594560465101,4.829469689922438,0.026891981868217
ewma_Gaussian,high_late,200,200,0.9412750000000001,0.000721177760201354,0.9416864442187531,0.0007356751936262465,0.9917978638184664,0.002933999524613154,14.594086671665666,0.06647375376240815,4.864695557221888,0.022157917920802715
ewma_Gaussian,down_0_24,200,25,0.9998,0.00020000000000000017,0.9996877067049901,3.384293054118605e-05,2.255887565282171,0.016205264746735736,8.843736364269045,0.06345243017238987,8.843736364269045,0.06345243017238987
ewma_Gaussian,down_50_249,200,200,0.9460999999999999,0.0007486671573956026,0.9439394789677118,0.0007985191617853978,1.003832441823431,0.0031509788042778613,4.809424475176122,0.021939824567573925,4.809424475176122,0.021939824567573925
ewma_Gaussian,final_low,200,250,0.9424399999999999,0.0007527717626433408,0.9418195679039204,0.0008297655584078908,0.994214117295468,0.003334707998934867,4.821641796878915,0.02176576790692979,4.821641796878915,0.02176576790692979
oracle_scale_W250,all_test,200,1600,0.9522468749999998,0.00016848151799650558,0.9521247506437757,0.00037161098967614667,1.0167879528881878,0.0017288699620808896,8.261516172991612,0.016622951283467458,4.716115673062884,0.008274153204556973
oracle_scale_W250,pre_shift,200,200,0.9499999999999998,0.000982893891531557,0.951403014262529,0.000752853269969351,1.0127224582532275,0.003433129884148696,4.754682530817301,0.022011060489218647,4.754682530817301,0.022011060489218647
oracle_scale_W250,up_0_24,200,25,0.9540000000000001,0.00281774705970254,0.9529345355279779,0.0008485237761926296,1.0193158191205562,0.0038938603444058553,14.1944772183337,0.181205305637887,4.731492406111233,0.06040176854596234
oracle_scale_W250,up_50_249,200,200,0.9539,0.0009880949642071125,0.9535982111657737,0.0007160904912719913,1.0229897974898607,0.0033528637789008112,14.184190684517821,0.07334219441932642,4.728063561505941,0.02444739813977547
oracle_scale_W250,high_late,200,200,0.953625,0.0008973281809469747,0.9530423711828986,0.0008119230563246473,1.0215584348030624,0.003807828843144479,14.243196396935694,0.06222435450889206,4.7477321323118975,0.020741451502964015
oracle_scale_W250,down_0_24,200,25,0.9534,0.00276048936015658,0.9528259721888833,0.0008593511957823924,1.0194002423976127,0.00410342208606438,4.698351971388229,0.05634355733719999,4.698351971388229,0.05634355733719999
oracle_scale_W250,down_50_249,200,200,0.9532749999999999,0.000870075878976011,0.9515556568491366,0.0008111703476698851,1.0142328268390661,0.003705337216050833,4.703596773408306,0.021711110685975376,4.703596773408306,0.021711110685975376
oracle_scale_W250,final_low,200,250,0.9519200000000001,0.0008329688985368222,0.9521444737977086,0.0007587658895523645,1.017009190087798,0.003460552491950359,4.714319918896442,0.020478138408137718,4.714319918896442,0.020478138408137718
oracle_full,all_test,200,1600,0.949615625,0.0004067070172881605,0.9499999999999997,7.870162355242804e-18,1.0,0.0,8.204862806897182,0.01659551065060199,4.683207817721689,0.008010242284851378
oracle_full,pre_shift,200,200,0.94875,0.0011003368602524172,0.9499999999999997,7.870162355242804e-18,1.0,0.0,4.721572996390294,0.02121144850807301,4.721572996390294,0.02121144850807301
oracle_full,up_0_24,200,25,0.9490000000000001,0.003013370539786013,0.9499999999999997,7.870162355242804e-18,1.0,0.0,14.093647443905612,0.1891993752280834,4.697882481301869,0.06306645840936113
oracle_full,up_50_249,200,200,0.949025,0.0011839045675752858,0.9499999999999997,7.870162355242804e-18,1.0,0.0,14.102070287625889,0.07601154519272381,4.700690095875297,0.025337181730907928
oracle_full,high_late,200,200,0.9492249999999999,0.0009899605976626646,0.9499999999999997,7.870162355242804e-18,1.0,0.0,14.13395528157856,0.06444896857256595,4.711318427192854,0.021482989524188655
oracle_full,down_0_24,200,25,0.9534,0.002775014147277079,0.9499999999999997,7.870162355242804e-18,1.0,0.0,4.644184761460191,0.056200271262891864,4.644184761460191,0.056200271262891864
oracle_full,down_50_249,200,200,0.951575,0.0010493941180868959,0.9499999999999997,7.870162355242804e-18,1.0,0.0,4.667045371258961,0.02082978696123971,4.667045371258961,0.02082978696123971
oracle_full,final_low,200,250,0.9494199999999999,0.001007269057786382,0.9499999999999998,7.870162355242804e-18,1.0,0.0,4.680990711053084,0.02024321453585886,4.680990711053084,0.02024321453585886
